1,0,castle3d_portfolio
2,0,castle3d1
3,1,watch3d1
4,1,watch3d_portfolio
5,1,watch3d2
6,1,watch3d3
7,2,logo
8,2,post1
9,2,post2
10,3,komb_portfolio
11,3,mockup_komb_van
12,3,komb1
13,4,zielonewidoki2
14,4,zielonewidoki1
15,4,2budynki
16,4,zielonewidoki_mockup_social
17,4,2phone
18,4,budynekmieszkalny
19,4,zielonewidoki_mockup_folder
20,4,zielonewidoki1
21,4,tablet2
22,4,zielonewidoki6
23,4,zielonewidoki3
24,5,main_laptop
25,5,tablet2
26,5,2phone
27,5,ats_portfolio
28,6,bielanypark_square_dark
29,6,bielanypark_day_close
30,6,bielanypark_karty1
31,6,main_laptop
32,6,bielanypark_karty2
33,6,tablet2
34,6,bielanypark_karty3
35,6,2phone
36,6,bielanypark_dark
37,6,bielanypark_chalk_top
38,6,bielanypark8_day_far
39,7,main_laptop
40,7,tablet2
41,7,2phone
42,7,aviorprojekt_portfolio
43,7,web_layout_showcase2
44,8,1
45,8,2
46,8,3
47,8,4
48,8,5
49,8,6
50,8,7
51,8,8
52,8,9
53,9,moss_portfolio
54,9,2
55,9,1