1,0,Wizualizacja 3D
2,0,Modele 3D
3,0,Oświetlenie sceny
4,0,Rendering
5,1,Wizualizacja 3D
6,1,Modele 3D
7,1,Oświetlenie sceny
8,1,Rendering
9,2,Identyfikacja wizualna
10,2,Logo
11,2,Marketing online
12,3,Projekt reklamy
13,3,Wizualizacja 3D
14,3,Modele 3D
15,4,Strona Internetowa
16,4,Wizualizacje 3D
17,4,Modele 3D
18,4,Logo
19,4,Projekty reklam
20,4,Projekt kart katalogowych
21,4,Marketing online
22,5,Strona Internetowa
23,6,Wizualizacje 3D
24,6,Modele 3D
25,6,Strona Internetowa
26,6,Logo
27,6,Marketing online
28,6,Projekty reklam
29,6,Projekt kart katalogowych
30,7,Strona Internetowa
31,7,Dostosowanie się do aktualnej wizji marki
32,8,Modele 3D
33,8,Wizualizacje 3D
34,8,Oświetlenie sceny
35,8,Rendering
36,9,Modele 3D
37,9,Wizualizacje 3D
38,9,Oświetlenie sceny
39,9,Rendering